-- seed_test_data.sql generated by tool/generate_seed_sql.dart
BEGIN TRANSACTION;
INSERT OR REPLACE INTO plants (id,name,variety,purchaseDate,purchaseLocation,imagePath,wateringIntervalDays,createdAt,updatedAt) VALUES ('test_plant_0', 'Plant 0', 'Variety 0', '2026-01-21T00:00:00.000', 'HomeCenter', NULL, 4, '2026-01-21T00:00:00.000', '2026-02-20T00:00:00.000');
INSERT OR REPLACE INTO logs (id,plantId,type,date,note,createdAt,updatedAt) VALUES ('log_test_plant_0_water_1768921200000', 'test_plant_0', 'watering', '2026-01-21T00:00:00.000', 'Quick water', '2026-01-21T00:00:00.000', '2026-01-21T00:00:00.000');
INSERT OR REPLACE INTO logs (id,plantId,type,date,note,createdAt,updatedAt) VALUES ('log_test_plant_0_water_1769266800000', 'test_plant_0', 'watering', '2026-01-25T00:00:00.000', 'Quick water', '2026-01-25T00:00:00.000', '2026-01-25T00:00:00.000');
INSERT OR REPLACE INTO logs (id,plantId,type,date,note,createdAt,updatedAt) VALUES ('log_test_plant_0_water_extra_1769526000000', 'test_plant_0', 'watering', '2026-01-28T00:00:00.000', 'Extra watering', '2026-01-28T00:00:00.000', '2026-01-28T00:00:00.000');
INSERT OR REPLACE INTO logs (id,plantId,type,date,note,createdAt,updatedAt) VALUES ('log_test_plant_0_water_1769612400000', 'test_plant_0', 'watering', '2026-01-29T00:00:00.000', 'Light mist', '2026-01-29T00:00:00.000', '2026-01-29T00:00:00.000');
INSERT OR REPLACE INTO logs (id,plantId,type,date,note,createdAt,updatedAt) VALUES ('log_test_plant_0_water_1770303600000', 'test_plant_0', 'watering', '2026-02-06T00:00:00.000', 'Light mist', '2026-02-06T00:00:00.000', '2026-02-06T00:00:00.000');
INSERT OR REPLACE INTO logs (id,plantId,type,date,note,createdAt,updatedAt) VALUES ('log_test_plant_0_water_1770649200000', 'test_plant_0', 'watering', '2026-02-10T00:00:00.000', 'Bottom watering', '2026-02-10T00:00:00.000', '2026-02-10T00:00:00.000');
INSERT OR REPLACE INTO logs (id,plantId,type,date,note,createdAt,updatedAt) VALUES ('log_test_plant_0_water_extra_1770908400000', 'test_plant_0', 'watering', '2026-02-13T00:00:00.000', 'Extra watering', '2026-02-13T00:00:00.000', '2026-02-13T00:00:00.000');
INSERT OR REPLACE INTO logs (id,plantId,type,date,note,createdAt,updatedAt) VALUES ('log_test_plant_0_water_1770994800000', 'test_plant_0', 'watering', '2026-02-14T00:00:00.000', 'Light mist', '2026-02-14T00:00:00.000', '2026-02-14T00:00:00.000');
INSERT OR REPLACE INTO logs (id,plantId,type,date,note,createdAt,updatedAt) VALUES ('log_test_plant_0_water_extra_1771254000000', 'test_plant_0', 'watering', '2026-02-17T00:00:00.000', 'Extra watering', '2026-02-17T00:00:00.000', '2026-02-17T00:00:00.000');
INSERT OR REPLACE INTO logs (id,plantId,type,date,note,createdAt,updatedAt) VALUES ('log_test_plant_0_water_1771340400000', 'test_plant_0', 'watering', '2026-02-18T00:00:00.000', 'Bottom watering', '2026-02-18T00:00:00.000', '2026-02-18T00:00:00.000');
INSERT OR REPLACE INTO logs (id,plantId,type,date,note,createdAt,updatedAt) VALUES ('log_test_plant_0_fert_1770303600000', 'test_plant_0', 'fertilizer', '2026-02-06T00:00:00.000', 'Fertilized', '2026-02-06T00:00:00.000', '2026-02-06T00:00:00.000');
INSERT OR REPLACE INTO logs (id,plantId,type,date,note,createdAt,updatedAt) VALUES ('log_test_plant_0_vit_1770649200000', 'test_plant_0', 'vitalizer', '2026-02-10T00:00:00.000', 'Applied vitalizer', '2026-02-10T00:00:00.000', '2026-02-10T00:00:00.000');
INSERT OR REPLACE INTO plants (id,name,variety,purchaseDate,purchaseLocation,imagePath,wateringIntervalDays,createdAt,updatedAt) VALUES ('test_plant_1', 'Plant 1', 'Variety 1', '2026-01-18T00:00:00.000', 'Garden', NULL, 5, '2026-01-18T00:00:00.000', '2026-02-20T00:00:00.000');
INSERT OR REPLACE INTO logs (id,plantId,type,date,note,createdAt,updatedAt) VALUES ('log_test_plant_1_water_1768662000000', 'test_plant_1', 'watering', '2026-01-18T00:00:00.000', 'Quick water', '2026-01-18T00:00:00.000', '2026-01-18T00:00:00.000');
INSERT OR REPLACE INTO logs (id,plantId,type,date,note,createdAt,updatedAt) VALUES ('log_test_plant_1_water_1769094000000', 'test_plant_1', 'watering', '2026-01-23T00:00:00.000', 'Light mist', '2026-01-23T00:00:00.000', '2026-01-23T00:00:00.000');
INSERT OR REPLACE INTO logs (id,plantId,type,date,note,createdAt,updatedAt) VALUES ('log_test_plant_1_water_1769526000000', 'test_plant_1', 'watering', '2026-01-28T00:00:00.000', 'Quick water', '2026-01-28T00:00:00.000', '2026-01-28T00:00:00.000');
INSERT OR REPLACE INTO logs (id,plantId,type,date,note,createdAt,updatedAt) VALUES ('log_test_plant_1_water_1769958000000', 'test_plant_1', 'watering', '2026-02-02T00:00:00.000', 'Bottom watering', '2026-02-02T00:00:00.000', '2026-02-02T00:00:00.000');
INSERT OR REPLACE INTO logs (id,plantId,type,date,note,createdAt,updatedAt) VALUES ('log_test_plant_1_water_1770390000000', 'test_plant_1', 'watering', '2026-02-07T00:00:00.000', 'Quick water', '2026-02-07T00:00:00.000', '2026-02-07T00:00:00.000');
INSERT OR REPLACE INTO logs (id,plantId,type,date,note,createdAt,updatedAt) VALUES ('log_test_plant_1_water_1770822000000', 'test_plant_1', 'watering', '2026-02-12T00:00:00.000', 'Quick water', '2026-02-12T00:00:00.000', '2026-02-12T00:00:00.000');
INSERT OR REPLACE INTO logs (id,plantId,type,date,note,createdAt,updatedAt) VALUES ('log_test_plant_1_water_1771254000000', 'test_plant_1', 'watering', '2026-02-17T00:00:00.000', 'Light mist', '2026-02-17T00:00:00.000', '2026-02-17T00:00:00.000');
INSERT OR REPLACE INTO plants (id,name,variety,purchaseDate,purchaseLocation,imagePath,wateringIntervalDays,createdAt,updatedAt) VALUES ('test_plant_2', 'Plant 2', 'Variety 2', '2026-01-15T00:00:00.000', 'Online', 'https://images.unsplash.com/photo-1509587584298-0f3b3a3a1797?w=400', 6, '2026-01-15T00:00:00.000', '2026-02-20T00:00:00.000');
INSERT OR REPLACE INTO logs (id,plantId,type,date,note,createdAt,updatedAt) VALUES ('log_test_plant_2_water_1768402800000', 'test_plant_2', 'watering', '2026-01-15T00:00:00.000', 'Watered generously', '2026-01-15T00:00:00.000', '2026-01-15T00:00:00.000');
INSERT OR REPLACE INTO logs (id,plantId,type,date,note,createdAt,updatedAt) VALUES ('log_test_plant_2_water_1768921200000', 'test_plant_2', 'watering', '2026-01-21T00:00:00.000', 'Watered generously', '2026-01-21T00:00:00.000', '2026-01-21T00:00:00.000');
INSERT OR REPLACE INTO logs (id,plantId,type,date,note,createdAt,updatedAt) VALUES ('log_test_plant_2_water_1769439600000', 'test_plant_2', 'watering', '2026-01-27T00:00:00.000', 'Watered generously', '2026-01-27T00:00:00.000', '2026-01-27T00:00:00.000');
INSERT OR REPLACE INTO logs (id,plantId,type,date,note,createdAt,updatedAt) VALUES ('log_test_plant_2_water_1769958000000', 'test_plant_2', 'watering', '2026-02-02T00:00:00.000', 'Watered generously', '2026-02-02T00:00:00.000', '2026-02-02T00:00:00.000');
INSERT OR REPLACE INTO logs (id,plantId,type,date,note,createdAt,updatedAt) VALUES ('log_test_plant_2_water_1770476400000', 'test_plant_2', 'watering', '2026-02-08T00:00:00.000', 'Light mist', '2026-02-08T00:00:00.000', '2026-02-08T00:00:00.000');
INSERT OR REPLACE INTO logs (id,plantId,type,date,note,createdAt,updatedAt) VALUES ('log_test_plant_2_water_1770994800000', 'test_plant_2', 'watering', '2026-02-14T00:00:00.000', 'Quick water', '2026-02-14T00:00:00.000', '2026-02-14T00:00:00.000');
INSERT OR REPLACE INTO logs (id,plantId,type,date,note,createdAt,updatedAt) VALUES ('log_test_plant_2_water_1771513200000', 'test_plant_2', 'watering', '2026-02-20T00:00:00.000', 'Watered generously', '2026-02-20T00:00:00.000', '2026-02-20T00:00:00.000');
INSERT OR REPLACE INTO plants (id,name,variety,purchaseDate,purchaseLocation,imagePath,wateringIntervalDays,createdAt,updatedAt) VALUES ('test_plant_3', 'Plant 3', 'Variety 3', '2026-01-12T00:00:00.000', 'FlowerShop', NULL, 7, '2026-01-12T00:00:00.000', '2026-02-20T00:00:00.000');
INSERT OR REPLACE INTO logs (id,plantId,type,date,note,createdAt,updatedAt) VALUES ('log_test_plant_3_water_1768143600000', 'test_plant_3', 'watering', '2026-01-12T00:00:00.000', 'Quick water', '2026-01-12T00:00:00.000', '2026-01-12T00:00:00.000');
INSERT OR REPLACE INTO logs (id,plantId,type,date,note,createdAt,updatedAt) VALUES ('log_test_plant_3_water_1768748400000', 'test_plant_3', 'watering', '2026-01-19T00:00:00.000', 'Light mist', '2026-01-19T00:00:00.000', '2026-01-19T00:00:00.000');
INSERT OR REPLACE INTO logs (id,plantId,type,date,note,createdAt,updatedAt) VALUES ('log_test_plant_3_water_1769353200000', 'test_plant_3', 'watering', '2026-01-26T00:00:00.000', 'Light mist', '2026-01-26T00:00:00.000', '2026-01-26T00:00:00.000');
INSERT OR REPLACE INTO logs (id,plantId,type,date,note,createdAt,updatedAt) VALUES ('log_test_plant_3_water_1769958000000', 'test_plant_3', 'watering', '2026-02-02T00:00:00.000', 'Watered generously', '2026-02-02T00:00:00.000', '2026-02-02T00:00:00.000');
INSERT OR REPLACE INTO logs (id,plantId,type,date,note,createdAt,updatedAt) VALUES ('log_test_plant_3_water_1770562800000', 'test_plant_3', 'watering', '2026-02-09T00:00:00.000', 'Light mist', '2026-02-09T00:00:00.000', '2026-02-09T00:00:00.000');
INSERT OR REPLACE INTO logs (id,plantId,type,date,note,createdAt,updatedAt) VALUES ('log_test_plant_3_water_1771167600000', 'test_plant_3', 'watering', '2026-02-16T00:00:00.000', 'Quick water', '2026-02-16T00:00:00.000', '2026-02-16T00:00:00.000');
INSERT OR REPLACE INTO logs (id,plantId,type,date,note,createdAt,updatedAt) VALUES ('log_test_plant_3_fert_1770044400000', 'test_plant_3', 'fertilizer', '2026-02-03T00:00:00.000', 'Fertilized', '2026-02-03T00:00:00.000', '2026-02-03T00:00:00.000');
INSERT OR REPLACE INTO plants (id,name,variety,purchaseDate,purchaseLocation,imagePath,wateringIntervalDays,createdAt,updatedAt) VALUES ('test_plant_4', 'Plant 4', 'Variety 4', '2026-01-09T00:00:00.000', 'HomeCenter', NULL, 8, '2026-01-09T00:00:00.000', '2026-02-20T00:00:00.000');
INSERT OR REPLACE INTO logs (id,plantId,type,date,note,createdAt,updatedAt) VALUES ('log_test_plant_4_water_1767884400000', 'test_plant_4', 'watering', '2026-01-09T00:00:00.000', 'Bottom watering', '2026-01-09T00:00:00.000', '2026-01-09T00:00:00.000');
INSERT OR REPLACE INTO logs (id,plantId,type,date,note,createdAt,updatedAt) VALUES ('log_test_plant_4_water_1768575600000', 'test_plant_4', 'watering', '2026-01-17T00:00:00.000', 'Quick water', '2026-01-17T00:00:00.000', '2026-01-17T00:00:00.000');
INSERT OR REPLACE INTO logs (id,plantId,type,date,note,createdAt,updatedAt) VALUES ('log_test_plant_4_water_1769266800000', 'test_plant_4', 'watering', '2026-01-25T00:00:00.000', 'Quick water', '2026-01-25T00:00:00.000', '2026-01-25T00:00:00.000');
INSERT OR REPLACE INTO logs (id,plantId,type,date,note,createdAt,updatedAt) VALUES ('log_test_plant_4_water_1769958000000', 'test_plant_4', 'watering', '2026-02-02T00:00:00.000', 'Quick water', '2026-02-02T00:00:00.000', '2026-02-02T00:00:00.000');
INSERT OR REPLACE INTO logs (id,plantId,type,date,note,createdAt,updatedAt) VALUES ('log_test_plant_4_water_1770649200000', 'test_plant_4', 'watering', '2026-02-10T00:00:00.000', 'Watered generously', '2026-02-10T00:00:00.000', '2026-02-10T00:00:00.000');
INSERT OR REPLACE INTO logs (id,plantId,type,date,note,createdAt,updatedAt) VALUES ('log_test_plant_4_water_1771340400000', 'test_plant_4', 'watering', '2026-02-18T00:00:00.000', 'Bottom watering', '2026-02-18T00:00:00.000', '2026-02-18T00:00:00.000');
INSERT OR REPLACE INTO logs (id,plantId,type,date,note,createdAt,updatedAt) VALUES ('log_test_plant_4_vit_1770303600000', 'test_plant_4', 'vitalizer', '2026-02-06T00:00:00.000', 'Applied vitalizer', '2026-02-06T00:00:00.000', '2026-02-06T00:00:00.000');
INSERT OR REPLACE INTO plants (id,name,variety,purchaseDate,purchaseLocation,imagePath,wateringIntervalDays,createdAt,updatedAt) VALUES ('test_plant_5', 'Plant 5', 'Variety 5', '2026-01-06T00:00:00.000', 'Garden', NULL, 9, '2026-01-06T00:00:00.000', '2026-02-20T00:00:00.000');
INSERT OR REPLACE INTO logs (id,plantId,type,date,note,createdAt,updatedAt) VALUES ('log_test_plant_5_water_1767625200000', 'test_plant_5', 'watering', '2026-01-06T00:00:00.000', 'Bottom watering', '2026-01-06T00:00:00.000', '2026-01-06T00:00:00.000');
INSERT OR REPLACE INTO logs (id,plantId,type,date,note,createdAt,updatedAt) VALUES ('log_test_plant_5_water_1768402800000', 'test_plant_5', 'watering', '2026-01-15T00:00:00.000', 'Light mist', '2026-01-15T00:00:00.000', '2026-01-15T00:00:00.000');
INSERT OR REPLACE INTO logs (id,plantId,type,date,note,createdAt,updatedAt) VALUES ('log_test_plant_5_water_1769958000000', 'test_plant_5', 'watering', '2026-02-02T00:00:00.000', 'Watered generously', '2026-02-02T00:00:00.000', '2026-02-02T00:00:00.000');
INSERT OR REPLACE INTO logs (id,plantId,type,date,note,createdAt,updatedAt) VALUES ('log_test_plant_5_water_1770735600000', 'test_plant_5', 'watering', '2026-02-11T00:00:00.000', 'Light mist', '2026-02-11T00:00:00.000', '2026-02-11T00:00:00.000');
INSERT OR REPLACE INTO logs (id,plantId,type,date,note,createdAt,updatedAt) VALUES ('log_test_plant_5_water_1771513200000', 'test_plant_5', 'watering', '2026-02-20T00:00:00.000', 'Watered generously', '2026-02-20T00:00:00.000', '2026-02-20T00:00:00.000');
INSERT OR REPLACE INTO plants (id,name,variety,purchaseDate,purchaseLocation,imagePath,wateringIntervalDays,createdAt,updatedAt) VALUES ('test_plant_6', 'Plant 6', 'Variety 6', '2026-01-03T00:00:00.000', 'Online', NULL, 10, '2026-01-03T00:00:00.000', '2026-02-20T00:00:00.000');
INSERT OR REPLACE INTO logs (id,plantId,type,date,note,createdAt,updatedAt) VALUES ('log_test_plant_6_water_1767366000000', 'test_plant_6', 'watering', '2026-01-03T00:00:00.000', 'Watered generously', '2026-01-03T00:00:00.000', '2026-01-03T00:00:00.000');
INSERT OR REPLACE INTO logs (id,plantId,type,date,note,createdAt,updatedAt) VALUES ('log_test_plant_6_water_1768230000000', 'test_plant_6', 'watering', '2026-01-13T00:00:00.000', 'Quick water', '2026-01-13T00:00:00.000', '2026-01-13T00:00:00.000');
INSERT OR REPLACE INTO logs (id,plantId,type,date,note,createdAt,updatedAt) VALUES ('log_test_plant_6_water_1769094000000', 'test_plant_6', 'watering', '2026-01-23T00:00:00.000', 'Light mist', '2026-01-23T00:00:00.000', '2026-01-23T00:00:00.000');
INSERT OR REPLACE INTO logs (id,plantId,type,date,note,createdAt,updatedAt) VALUES ('log_test_plant_6_water_extra_1769353200000', 'test_plant_6', 'watering', '2026-01-26T00:00:00.000', 'Extra watering', '2026-01-26T00:00:00.000', '2026-01-26T00:00:00.000');
INSERT OR REPLACE INTO logs (id,plantId,type,date,note,createdAt,updatedAt) VALUES ('log_test_plant_6_water_1769958000000', 'test_plant_6', 'watering', '2026-02-02T00:00:00.000', 'Quick water', '2026-02-02T00:00:00.000', '2026-02-02T00:00:00.000');
INSERT OR REPLACE INTO logs (id,plantId,type,date,note,createdAt,updatedAt) VALUES ('log_test_plant_6_water_1770822000000', 'test_plant_6', 'watering', '2026-02-12T00:00:00.000', 'Bottom watering', '2026-02-12T00:00:00.000', '2026-02-12T00:00:00.000');
INSERT OR REPLACE INTO logs (id,plantId,type,date,note,createdAt,updatedAt) VALUES ('log_test_plant_6_water_extra_1771081200000', 'test_plant_6', 'watering', '2026-02-15T00:00:00.000', 'Extra watering', '2026-02-15T00:00:00.000', '2026-02-15T00:00:00.000');
INSERT OR REPLACE INTO logs (id,plantId,type,date,note,createdAt,updatedAt) VALUES ('log_test_plant_6_fert_1769785200000', 'test_plant_6', 'fertilizer', '2026-01-31T00:00:00.000', 'Fertilized', '2026-01-31T00:00:00.000', '2026-01-31T00:00:00.000');
INSERT OR REPLACE INTO plants (id,name,variety,purchaseDate,purchaseLocation,imagePath,wateringIntervalDays,createdAt,updatedAt) VALUES ('test_plant_7', 'Plant 7', 'Variety 0', '2025-12-31T00:00:00.000', 'FlowerShop', NULL, 4, '2025-12-31T00:00:00.000', '2026-02-20T00:00:00.000');
INSERT OR REPLACE INTO logs (id,plantId,type,date,note,createdAt,updatedAt) VALUES ('log_test_plant_7_water_1767106800000', 'test_plant_7', 'watering', '2025-12-31T00:00:00.000', 'Quick water', '2025-12-31T00:00:00.000', '2025-12-31T00:00:00.000');
INSERT OR REPLACE INTO logs (id,plantId,type,date,note,createdAt,updatedAt) VALUES ('log_test_plant_7_water_1767452400000', 'test_plant_7', 'watering', '2026-01-04T00:00:00.000', 'Quick water', '2026-01-04T00:00:00.000', '2026-01-04T00:00:00.000');
INSERT OR REPLACE INTO logs (id,plantId,type,date,note,createdAt,updatedAt) VALUES ('log_test_plant_7_water_1767798000000', 'test_plant_7', 'watering', '2026-01-08T00:00:00.000', 'Quick water', '2026-01-08T00:00:00.000', '2026-01-08T00:00:00.000');
INSERT OR REPLACE INTO logs (id,plantId,type,date,note,createdAt,updatedAt) VALUES ('log_test_plant_7_water_1768143600000', 'test_plant_7', 'watering', '2026-01-12T00:00:00.000', 'Bottom watering', '2026-01-12T00:00:00.000', '2026-01-12T00:00:00.000');
INSERT OR REPLACE INTO logs (id,plantId,type,date,note,createdAt,updatedAt) VALUES ('log_test_plant_7_water_1768489200000', 'test_plant_7', 'watering', '2026-01-16T00:00:00.000', 'Light mist', '2026-01-16T00:00:00.000', '2026-01-16T00:00:00.000');
INSERT OR REPLACE INTO logs (id,plantId,type,date,note,createdAt,updatedAt) VALUES ('log_test_plant_7_water_1768834800000', 'test_plant_7', 'watering', '2026-01-20T00:00:00.000', 'Light mist', '2026-01-20T00:00:00.000', '2026-01-20T00:00:00.000');
INSERT OR REPLACE INTO logs (id,plantId,type,date,note,createdAt,updatedAt) VALUES ('log_test_plant_7_water_1769180400000', 'test_plant_7', 'watering', '2026-01-24T00:00:00.000', 'Light mist', '2026-01-24T00:00:00.000', '2026-01-24T00:00:00.000');
INSERT OR REPLACE INTO logs (id,plantId,type,date,note,createdAt,updatedAt) VALUES ('log_test_plant_7_water_1769526000000', 'test_plant_7', 'watering', '2026-01-28T00:00:00.000', 'Quick water', '2026-01-28T00:00:00.000', '2026-01-28T00:00:00.000');
INSERT OR REPLACE INTO logs (id,plantId,type,date,note,createdAt,updatedAt) VALUES ('log_test_plant_7_water_1769871600000', 'test_plant_7', 'watering', '2026-02-01T00:00:00.000', 'Light mist', '2026-02-01T00:00:00.000', '2026-02-01T00:00:00.000');
INSERT OR REPLACE INTO logs (id,plantId,type,date,note,createdAt,updatedAt) VALUES ('log_test_plant_7_water_1770217200000', 'test_plant_7', 'watering', '2026-02-05T00:00:00.000', 'Bottom watering', '2026-02-05T00:00:00.000', '2026-02-05T00:00:00.000');
INSERT OR REPLACE INTO logs (id,plantId,type,date,note,createdAt,updatedAt) VALUES ('log_test_plant_7_water_1770562800000', 'test_plant_7', 'watering', '2026-02-09T00:00:00.000', 'Bottom watering', '2026-02-09T00:00:00.000', '2026-02-09T00:00:00.000');
INSERT OR REPLACE INTO logs (id,plantId,type,date,note,createdAt,updatedAt) VALUES ('log_test_plant_7_water_1770908400000', 'test_plant_7', 'watering', '2026-02-13T00:00:00.000', 'Light mist', '2026-02-13T00:00:00.000', '2026-02-13T00:00:00.000');
INSERT OR REPLACE INTO logs (id,plantId,type,date,note,createdAt,updatedAt) VALUES ('log_test_plant_7_water_1771254000000', 'test_plant_7', 'watering', '2026-02-17T00:00:00.000', 'Watered generously', '2026-02-17T00:00:00.000', '2026-02-17T00:00:00.000');
INSERT OR REPLACE INTO plants (id,name,variety,purchaseDate,purchaseLocation,imagePath,wateringIntervalDays,createdAt,updatedAt) VALUES ('test_plant_8', 'Plant 8', 'Variety 1', '2025-12-28T00:00:00.000', 'HomeCenter', NULL, 5, '2025-12-28T00:00:00.000', '2026-02-20T00:00:00.000');
INSERT OR REPLACE INTO logs (id,plantId,type,date,note,createdAt,updatedAt) VALUES ('log_test_plant_8_water_1766847600000', 'test_plant_8', 'watering', '2025-12-28T00:00:00.000', 'Light mist', '2025-12-28T00:00:00.000', '2025-12-28T00:00:00.000');
INSERT OR REPLACE INTO logs (id,plantId,type,date,note,createdAt,updatedAt) VALUES ('log_test_plant_8_water_1767279600000', 'test_plant_8', 'watering', '2026-01-02T00:00:00.000', 'Watered generously', '2026-01-02T00:00:00.000', '2026-01-02T00:00:00.000');
INSERT OR REPLACE INTO logs (id,plantId,type,date,note,createdAt,updatedAt) VALUES ('log_test_plant_8_water_1767711600000', 'test_plant_8', 'watering', '2026-01-07T00:00:00.000', 'Light mist', '2026-01-07T00:00:00.000', '2026-01-07T00:00:00.000');
INSERT OR REPLACE INTO logs (id,plantId,type,date,note,createdAt,updatedAt) VALUES ('log_test_plant_8_water_1768143600000', 'test_plant_8', 'watering', '2026-01-12T00:00:00.000', 'Quick water', '2026-01-12T00:00:00.000', '2026-01-12T00:00:00.000');
INSERT OR REPLACE INTO logs (id,plantId,type,date,note,createdAt,updatedAt) VALUES ('log_test_plant_8_water_1768575600000', 'test_plant_8', 'watering', '2026-01-17T00:00:00.000', 'Light mist', '2026-01-17T00:00:00.000', '2026-01-17T00:00:00.000');
INSERT OR REPLACE INTO logs (id,plantId,type,date,note,createdAt,updatedAt) VALUES ('log_test_plant_8_water_1769007600000', 'test_plant_8', 'watering', '2026-01-22T00:00:00.000', 'Light mist', '2026-01-22T00:00:00.000', '2026-01-22T00:00:00.000');
INSERT OR REPLACE INTO logs (id,plantId,type,date,note,createdAt,updatedAt) VALUES ('log_test_plant_8_water_1769439600000', 'test_plant_8', 'watering', '2026-01-27T00:00:00.000', 'Quick water', '2026-01-27T00:00:00.000', '2026-01-27T00:00:00.000');
INSERT OR REPLACE INTO logs (id,plantId,type,date,note,createdAt,updatedAt) VALUES ('log_test_plant_8_water_1769871600000', 'test_plant_8', 'watering', '2026-02-01T00:00:00.000', 'Quick water', '2026-02-01T00:00:00.000', '2026-02-01T00:00:00.000');
INSERT OR REPLACE INTO logs (id,plantId,type,date,note,createdAt,updatedAt) VALUES ('log_test_plant_8_water_1770303600000', 'test_plant_8', 'watering', '2026-02-06T00:00:00.000', 'Watered generously', '2026-02-06T00:00:00.000', '2026-02-06T00:00:00.000');
INSERT OR REPLACE INTO logs (id,plantId,type,date,note,createdAt,updatedAt) VALUES ('log_test_plant_8_water_1770735600000', 'test_plant_8', 'watering', '2026-02-11T00:00:00.000', 'Watered generously', '2026-02-11T00:00:00.000', '2026-02-11T00:00:00.000');
INSERT OR REPLACE INTO logs (id,plantId,type,date,note,createdAt,updatedAt) VALUES ('log_test_plant_8_water_1771167600000', 'test_plant_8', 'watering', '2026-02-16T00:00:00.000', 'Bottom watering', '2026-02-16T00:00:00.000', '2026-02-16T00:00:00.000');
INSERT OR REPLACE INTO logs (id,plantId,type,date,note,createdAt,updatedAt) VALUES ('log_test_plant_8_vit_1769958000000', 'test_plant_8', 'vitalizer', '2026-02-02T00:00:00.000', 'Applied vitalizer', '2026-02-02T00:00:00.000', '2026-02-02T00:00:00.000');
INSERT OR REPLACE INTO plants (id,name,variety,purchaseDate,purchaseLocation,imagePath,wateringIntervalDays,createdAt,updatedAt) VALUES ('test_plant_9', 'Plant 9', 'Variety 2', '2025-12-25T00:00:00.000', 'Garden', 'https://images.unsplash.com/photo-1545241047-6083a3684587?w=400', 6, '2025-12-25T00:00:00.000', '2026-02-20T00:00:00.000');
INSERT OR REPLACE INTO logs (id,plantId,type,date,note,createdAt,updatedAt) VALUES ('log_test_plant_9_water_1766588400000', 'test_plant_9', 'watering', '2025-12-25T00:00:00.000', 'Watered generously', '2025-12-25T00:00:00.000', '2025-12-25T00:00:00.000');
INSERT OR REPLACE INTO logs (id,plantId,type,date,note,createdAt,updatedAt) VALUES ('log_test_plant_9_water_1767106800000', 'test_plant_9', 'watering', '2025-12-31T00:00:00.000', 'Quick water', '2025-12-31T00:00:00.000', '2025-12-31T00:00:00.000');
INSERT OR REPLACE INTO logs (id,plantId,type,date,note,createdAt,updatedAt) VALUES ('log_test_plant_9_water_1767625200000', 'test_plant_9', 'watering', '2026-01-06T00:00:00.000', 'Bottom watering', '2026-01-06T00:00:00.000', '2026-01-06T00:00:00.000');
INSERT OR REPLACE INTO logs (id,plantId,type,date,note,createdAt,updatedAt) VALUES ('log_test_plant_9_water_1768143600000', 'test_plant_9', 'watering', '2026-01-12T00:00:00.000', 'Bottom watering', '2026-01-12T00:00:00.000', '2026-01-12T00:00:00.000');
INSERT OR REPLACE INTO logs (id,plantId,type,date,note,createdAt,updatedAt) VALUES ('log_test_plant_9_water_1768662000000', 'test_plant_9', 'watering', '2026-01-18T00:00:00.000', 'Watered generously', '2026-01-18T00:00:00.000', '2026-01-18T00:00:00.000');
INSERT OR REPLACE INTO logs (id,plantId,type,date,note,createdAt,updatedAt) VALUES ('log_test_plant_9_water_1769180400000', 'test_plant_9', 'watering', '2026-01-24T00:00:00.000', 'Quick water', '2026-01-24T00:00:00.000', '2026-01-24T00:00:00.000');
INSERT OR REPLACE INTO logs (id,plantId,type,date,note,createdAt,updatedAt) VALUES ('log_test_plant_9_water_1769698800000', 'test_plant_9', 'watering', '2026-01-30T00:00:00.000', 'Light mist', '2026-01-30T00:00:00.000', '2026-01-30T00:00:00.000');
INSERT OR REPLACE INTO logs (id,plantId,type,date,note,createdAt,updatedAt) VALUES ('log_test_plant_9_water_1770217200000', 'test_plant_9', 'watering', '2026-02-05T00:00:00.000', 'Light mist', '2026-02-05T00:00:00.000', '2026-02-05T00:00:00.000');
INSERT OR REPLACE INTO logs (id,plantId,type,date,note,createdAt,updatedAt) VALUES ('log_test_plant_9_water_1770735600000', 'test_plant_9', 'watering', '2026-02-11T00:00:00.000', 'Bottom watering', '2026-02-11T00:00:00.000', '2026-02-11T00:00:00.000');
INSERT OR REPLACE INTO logs (id,plantId,type,date,note,createdAt,updatedAt) VALUES ('log_test_plant_9_water_1771254000000', 'test_plant_9', 'watering', '2026-02-17T00:00:00.000', 'Light mist', '2026-02-17T00:00:00.000', '2026-02-17T00:00:00.000');
INSERT OR REPLACE INTO logs (id,plantId,type,date,note,createdAt,updatedAt) VALUES ('log_test_plant_9_fert_1769526000000', 'test_plant_9', 'fertilizer', '2026-01-28T00:00:00.000', 'Fertilized', '2026-01-28T00:00:00.000', '2026-01-28T00:00:00.000');
INSERT OR REPLACE INTO plants (id,name,variety,purchaseDate,purchaseLocation,imagePath,wateringIntervalDays,createdAt,updatedAt) VALUES ('test_plant_10', 'Plant 10', 'Variety 3', '2025-12-22T00:00:00.000', 'Online', NULL, 7, '2025-12-22T00:00:00.000', '2026-02-20T00:00:00.000');
INSERT OR REPLACE INTO logs (id,plantId,type,date,note,createdAt,updatedAt) VALUES ('log_test_plant_10_water_1766329200000', 'test_plant_10', 'watering', '2025-12-22T00:00:00.000', 'Bottom watering', '2025-12-22T00:00:00.000', '2025-12-22T00:00:00.000');
INSERT OR REPLACE INTO logs (id,plantId,type,date,note,createdAt,updatedAt) VALUES ('log_test_plant_10_water_1766934000000', 'test_plant_10', 'watering', '2025-12-29T00:00:00.000', 'Quick water', '2025-12-29T00:00:00.000', '2025-12-29T00:00:00.000');
INSERT OR REPLACE INTO logs (id,plantId,type,date,note,createdAt,updatedAt) VALUES ('log_test_plant_10_water_1768143600000', 'test_plant_10', 'watering', '2026-01-12T00:00:00.000', 'Light mist', '2026-01-12T00:00:00.000', '2026-01-12T00:00:00.000');
INSERT OR REPLACE INTO logs (id,plantId,type,date,note,createdAt,updatedAt) VALUES ('log_test_plant_10_water_1768748400000', 'test_plant_10', 'watering', '2026-01-19T00:00:00.000', 'Quick water', '2026-01-19T00:00:00.000', '2026-01-19T00:00:00.000');
INSERT OR REPLACE INTO logs (id,plantId,type,date,note,createdAt,updatedAt) VALUES ('log_test_plant_10_water_1769353200000', 'test_plant_10', 'watering', '2026-01-26T00:00:00.000', 'Light mist', '2026-01-26T00:00:00.000', '2026-01-26T00:00:00.000');
INSERT OR REPLACE INTO logs (id,plantId,type,date,note,createdAt,updatedAt) VALUES ('log_test_plant_10_water_1769958000000', 'test_plant_10', 'watering', '2026-02-02T00:00:00.000', 'Watered generously', '2026-02-02T00:00:00.000', '2026-02-02T00:00:00.000');
INSERT OR REPLACE INTO logs (id,plantId,type,date,note,createdAt,updatedAt) VALUES ('log_test_plant_10_water_1770562800000', 'test_plant_10', 'watering', '2026-02-09T00:00:00.000', 'Light mist', '2026-02-09T00:00:00.000', '2026-02-09T00:00:00.000');
INSERT OR REPLACE INTO logs (id,plantId,type,date,note,createdAt,updatedAt) VALUES ('log_test_plant_10_water_1771167600000', 'test_plant_10', 'watering', '2026-02-16T00:00:00.000', 'Light mist', '2026-02-16T00:00:00.000', '2026-02-16T00:00:00.000');
INSERT OR REPLACE INTO plants (id,name,variety,purchaseDate,purchaseLocation,imagePath,wateringIntervalDays,createdAt,updatedAt) VALUES ('test_plant_11', 'Plant 11', 'Variety 4', '2025-12-19T00:00:00.000', 'FlowerShop', 'https://images.unsplash.com/photo-1485955900006-10f4d324d411?w=400', 8, '2025-12-19T00:00:00.000', '2026-02-20T00:00:00.000');
INSERT OR REPLACE INTO logs (id,plantId,type,date,note,createdAt,updatedAt) VALUES ('log_test_plant_11_water_1766070000000', 'test_plant_11', 'watering', '2025-12-19T00:00:00.000', 'Bottom watering', '2025-12-19T00:00:00.000', '2025-12-19T00:00:00.000');
INSERT OR REPLACE INTO logs (id,plantId,type,date,note,createdAt,updatedAt) VALUES ('log_test_plant_11_water_1766761200000', 'test_plant_11', 'watering', '2025-12-27T00:00:00.000', 'Light mist', '2025-12-27T00:00:00.000', '2025-12-27T00:00:00.000');
INSERT OR REPLACE INTO logs (id,plantId,type,date,note,createdAt,updatedAt) VALUES ('log_test_plant_11_water_1767452400000', 'test_plant_11', 'watering', '2026-01-04T00:00:00.000', 'Bottom watering', '2026-01-04T00:00:00.000', '2026-01-04T00:00:00.000');
INSERT OR REPLACE INTO logs (id,plantId,type,date,note,createdAt,updatedAt) VALUES ('log_test_plant_11_water_1768143600000', 'test_plant_11', 'watering', '2026-01-12T00:00:00.000', 'Watered generously', '2026-01-12T00:00:00.000', '2026-01-12T00:00:00.000');
INSERT OR REPLACE INTO logs (id,plantId,type,date,note,createdAt,updatedAt) VALUES ('log_test_plant_11_water_1768834800000', 'test_plant_11', 'watering', '2026-01-20T00:00:00.000', 'Bottom watering', '2026-01-20T00:00:00.000', '2026-01-20T00:00:00.000');
INSERT OR REPLACE INTO logs (id,plantId,type,date,note,createdAt,updatedAt) VALUES ('log_test_plant_11_water_1769526000000', 'test_plant_11', 'watering', '2026-01-28T00:00:00.000', 'Watered generously', '2026-01-28T00:00:00.000', '2026-01-28T00:00:00.000');
INSERT OR REPLACE INTO logs (id,plantId,type,date,note,createdAt,updatedAt) VALUES ('log_test_plant_11_water_1770217200000', 'test_plant_11', 'watering', '2026-02-05T00:00:00.000', 'Quick water', '2026-02-05T00:00:00.000', '2026-02-05T00:00:00.000');
INSERT OR REPLACE INTO logs (id,plantId,type,date,note,createdAt,updatedAt) VALUES ('log_test_plant_11_water_1770908400000', 'test_plant_11', 'watering', '2026-02-13T00:00:00.000', 'Quick water', '2026-02-13T00:00:00.000', '2026-02-13T00:00:00.000');
INSERT OR REPLACE INTO plants (id,name,variety,purchaseDate,purchaseLocation,imagePath,wateringIntervalDays,createdAt,updatedAt) VALUES ('test_plant_12', 'Plant 12', 'Variety 5', '2025-12-16T00:00:00.000', 'HomeCenter', 'https://images.unsplash.com/photo-1459156212016-c812468e2115?w=400', 9, '2025-12-16T00:00:00.000', '2026-02-20T00:00:00.000');
INSERT OR REPLACE INTO logs (id,plantId,type,date,note,createdAt,updatedAt) VALUES ('log_test_plant_12_water_1765810800000', 'test_plant_12', 'watering', '2025-12-16T00:00:00.000', 'Quick water', '2025-12-16T00:00:00.000', '2025-12-16T00:00:00.000');
INSERT OR REPLACE INTO logs (id,plantId,type,date,note,createdAt,updatedAt) VALUES ('log_test_plant_12_water_1766588400000', 'test_plant_12', 'watering', '2025-12-25T00:00:00.000', 'Light mist', '2025-12-25T00:00:00.000', '2025-12-25T00:00:00.000');
INSERT OR REPLACE INTO logs (id,plantId,type,date,note,createdAt,updatedAt) VALUES ('log_test_plant_12_water_1767366000000', 'test_plant_12', 'watering', '2026-01-03T00:00:00.000', 'Quick water', '2026-01-03T00:00:00.000', '2026-01-03T00:00:00.000');
INSERT OR REPLACE INTO logs (id,plantId,type,date,note,createdAt,updatedAt) VALUES ('log_test_plant_12_water_1768143600000', 'test_plant_12', 'watering', '2026-01-12T00:00:00.000', 'Quick water', '2026-01-12T00:00:00.000', '2026-01-12T00:00:00.000');
INSERT OR REPLACE INTO logs (id,plantId,type,date,note,createdAt,updatedAt) VALUES ('log_test_plant_12_water_1768921200000', 'test_plant_12', 'watering', '2026-01-21T00:00:00.000', 'Quick water', '2026-01-21T00:00:00.000', '2026-01-21T00:00:00.000');
INSERT OR REPLACE INTO logs (id,plantId,type,date,note,createdAt,updatedAt) VALUES ('log_test_plant_12_water_1769698800000', 'test_plant_12', 'watering', '2026-01-30T00:00:00.000', 'Watered generously', '2026-01-30T00:00:00.000', '2026-01-30T00:00:00.000');
INSERT OR REPLACE INTO logs (id,plantId,type,date,note,createdAt,updatedAt) VALUES ('log_test_plant_12_water_1770476400000', 'test_plant_12', 'watering', '2026-02-08T00:00:00.000', 'Light mist', '2026-02-08T00:00:00.000', '2026-02-08T00:00:00.000');
INSERT OR REPLACE INTO logs (id,plantId,type,date,note,createdAt,updatedAt) VALUES ('log_test_plant_12_water_1771254000000', 'test_plant_12', 'watering', '2026-02-17T00:00:00.000', 'Light mist', '2026-02-17T00:00:00.000', '2026-02-17T00:00:00.000');
INSERT OR REPLACE INTO logs (id,plantId,type,date,note,createdAt,updatedAt) VALUES ('log_test_plant_12_fert_1769266800000', 'test_plant_12', 'fertilizer', '2026-01-25T00:00:00.000', 'Fertilized', '2026-01-25T00:00:00.000', '2026-01-25T00:00:00.000');
INSERT OR REPLACE INTO logs (id,plantId,type,date,note,createdAt,updatedAt) VALUES ('log_test_plant_12_vit_1769612400000', 'test_plant_12', 'vitalizer', '2026-01-29T00:00:00.000', 'Applied vitalizer', '2026-01-29T00:00:00.000', '2026-01-29T00:00:00.000');
INSERT OR REPLACE INTO plants (id,name,variety,purchaseDate,purchaseLocation,imagePath,wateringIntervalDays,createdAt,updatedAt) VALUES ('test_plant_13', 'Plant 13', 'Variety 6', '2025-12-13T00:00:00.000', 'Garden', 'https://images.unsplash.com/photo-1518531933037-91b2f5f229cc?w=400', 10, '2025-12-13T00:00:00.000', '2026-02-20T00:00:00.000');
INSERT OR REPLACE INTO logs (id,plantId,type,date,note,createdAt,updatedAt) VALUES ('log_test_plant_13_water_1765551600000', 'test_plant_13', 'watering', '2025-12-13T00:00:00.000', 'Light mist', '2025-12-13T00:00:00.000', '2025-12-13T00:00:00.000');
INSERT OR REPLACE INTO logs (id,plantId,type,date,note,createdAt,updatedAt) VALUES ('log_test_plant_13_water_1766415600000', 'test_plant_13', 'watering', '2025-12-23T00:00:00.000', 'Watered generously', '2025-12-23T00:00:00.000', '2025-12-23T00:00:00.000');
INSERT OR REPLACE INTO logs (id,plantId,type,date,note,createdAt,updatedAt) VALUES ('log_test_plant_13_water_1767279600000', 'test_plant_13', 'watering', '2026-01-02T00:00:00.000', 'Bottom watering', '2026-01-02T00:00:00.000', '2026-01-02T00:00:00.000');
INSERT OR REPLACE INTO logs (id,plantId,type,date,note,createdAt,updatedAt) VALUES ('log_test_plant_13_water_1768143600000', 'test_plant_13', 'watering', '2026-01-12T00:00:00.000', 'Quick water', '2026-01-12T00:00:00.000', '2026-01-12T00:00:00.000');
INSERT OR REPLACE INTO logs (id,plantId,type,date,note,createdAt,updatedAt) VALUES ('log_test_plant_13_water_1769007600000', 'test_plant_13', 'watering', '2026-01-22T00:00:00.000', 'Bottom watering', '2026-01-22T00:00:00.000', '2026-01-22T00:00:00.000');
INSERT OR REPLACE INTO logs (id,plantId,type,date,note,createdAt,updatedAt) VALUES ('log_test_plant_13_water_1769871600000', 'test_plant_13', 'watering', '2026-02-01T00:00:00.000', 'Watered generously', '2026-02-01T00:00:00.000', '2026-02-01T00:00:00.000');
INSERT OR REPLACE INTO logs (id,plantId,type,date,note,createdAt,updatedAt) VALUES ('log_test_plant_13_water_1770735600000', 'test_plant_13', 'watering', '2026-02-11T00:00:00.000', 'Bottom watering', '2026-02-11T00:00:00.000', '2026-02-11T00:00:00.000');
INSERT OR REPLACE INTO plants (id,name,variety,purchaseDate,purchaseLocation,imagePath,wateringIntervalDays,createdAt,updatedAt) VALUES ('test_plant_14', 'Plant 14', 'Variety 0', '2025-12-10T00:00:00.000', 'Online', 'https://images.unsplash.com/photo-1509587584298-0f3b3a3a1797?w=400', 4, '2025-12-10T00:00:00.000', '2026-02-20T00:00:00.000');
INSERT OR REPLACE INTO logs (id,plantId,type,date,note,createdAt,updatedAt) VALUES ('log_test_plant_14_water_1765292400000', 'test_plant_14', 'watering', '2025-12-10T00:00:00.000', 'Light mist', '2025-12-10T00:00:00.000', '2025-12-10T00:00:00.000');
INSERT OR REPLACE INTO logs (id,plantId,type,date,note,createdAt,updatedAt) VALUES ('log_test_plant_14_water_1765638000000', 'test_plant_14', 'watering', '2025-12-14T00:00:00.000', 'Watered generously', '2025-12-14T00:00:00.000', '2025-12-14T00:00:00.000');
INSERT OR REPLACE INTO logs (id,plantId,type,date,note,createdAt,updatedAt) VALUES ('log_test_plant_14_water_1765983600000', 'test_plant_14', 'watering', '2025-12-18T00:00:00.000', 'Bottom watering', '2025-12-18T00:00:00.000', '2025-12-18T00:00:00.000');
INSERT OR REPLACE INTO logs (id,plantId,type,date,note,createdAt,updatedAt) VALUES ('log_test_plant_14_water_1766329200000', 'test_plant_14', 'watering', '2025-12-22T00:00:00.000', 'Light mist', '2025-12-22T00:00:00.000', '2025-12-22T00:00:00.000');
INSERT OR REPLACE INTO logs (id,plantId,type,date,note,createdAt,updatedAt) VALUES ('log_test_plant_14_water_1766674800000', 'test_plant_14', 'watering', '2025-12-26T00:00:00.000', 'Watered generously', '2025-12-26T00:00:00.000', '2025-12-26T00:00:00.000');
INSERT OR REPLACE INTO logs (id,plantId,type,date,note,createdAt,updatedAt) VALUES ('log_test_plant_14_water_1767020400000', 'test_plant_14', 'watering', '2025-12-30T00:00:00.000', 'Watered generously', '2025-12-30T00:00:00.000', '2025-12-30T00:00:00.000');
INSERT OR REPLACE INTO logs (id,plantId,type,date,note,createdAt,updatedAt) VALUES ('log_test_plant_14_water_1767366000000', 'test_plant_14', 'watering', '2026-01-03T00:00:00.000', 'Quick water', '2026-01-03T00:00:00.000', '2026-01-03T00:00:00.000');
INSERT OR REPLACE INTO logs (id,plantId,type,date,note,createdAt,updatedAt) VALUES ('log_test_plant_14_water_1767711600000', 'test_plant_14', 'watering', '2026-01-07T00:00:00.000', 'Bottom watering', '2026-01-07T00:00:00.000', '2026-01-07T00:00:00.000');
INSERT OR REPLACE INTO logs (id,plantId,type,date,note,createdAt,updatedAt) VALUES ('log_test_plant_14_water_1768057200000', 'test_plant_14', 'watering', '2026-01-11T00:00:00.000', 'Bottom watering', '2026-01-11T00:00:00.000', '2026-01-11T00:00:00.000');
INSERT OR REPLACE INTO logs (id,plantId,type,date,note,createdAt,updatedAt) VALUES ('log_test_plant_14_water_1768402800000', 'test_plant_14', 'watering', '2026-01-15T00:00:00.000', 'Light mist', '2026-01-15T00:00:00.000', '2026-01-15T00:00:00.000');
INSERT OR REPLACE INTO logs (id,plantId,type,date,note,createdAt,updatedAt) VALUES ('log_test_plant_14_water_1768748400000', 'test_plant_14', 'watering', '2026-01-19T00:00:00.000', 'Bottom watering', '2026-01-19T00:00:00.000', '2026-01-19T00:00:00.000');
INSERT OR REPLACE INTO logs (id,plantId,type,date,note,createdAt,updatedAt) VALUES ('log_test_plant_14_water_1769094000000', 'test_plant_14', 'watering', '2026-01-23T00:00:00.000', 'Bottom watering', '2026-01-23T00:00:00.000', '2026-01-23T00:00:00.000');
INSERT OR REPLACE INTO logs (id,plantId,type,date,note,createdAt,updatedAt) VALUES ('log_test_plant_14_water_1769439600000', 'test_plant_14', 'watering', '2026-01-27T00:00:00.000', 'Bottom watering', '2026-01-27T00:00:00.000', '2026-01-27T00:00:00.000');
INSERT OR REPLACE INTO logs (id,plantId,type,date,note,createdAt,updatedAt) VALUES ('log_test_plant_14_water_1769785200000', 'test_plant_14', 'watering', '2026-01-31T00:00:00.000', 'Watered generously', '2026-01-31T00:00:00.000', '2026-01-31T00:00:00.000');
INSERT OR REPLACE INTO logs (id,plantId,type,date,note,createdAt,updatedAt) VALUES ('log_test_plant_14_water_1770130800000', 'test_plant_14', 'watering', '2026-02-04T00:00:00.000', 'Bottom watering', '2026-02-04T00:00:00.000', '2026-02-04T00:00:00.000');
INSERT OR REPLACE INTO logs (id,plantId,type,date,note,createdAt,updatedAt) VALUES ('log_test_plant_14_water_1770476400000', 'test_plant_14', 'watering', '2026-02-08T00:00:00.000', 'Bottom watering', '2026-02-08T00:00:00.000', '2026-02-08T00:00:00.000');
INSERT OR REPLACE INTO logs (id,plantId,type,date,note,createdAt,updatedAt) VALUES ('log_test_plant_14_water_1770822000000', 'test_plant_14', 'watering', '2026-02-12T00:00:00.000', 'Quick water', '2026-02-12T00:00:00.000', '2026-02-12T00:00:00.000');
INSERT OR REPLACE INTO logs (id,plantId,type,date,note,createdAt,updatedAt) VALUES ('log_test_plant_14_water_1771167600000', 'test_plant_14', 'watering', '2026-02-16T00:00:00.000', 'Light mist', '2026-02-16T00:00:00.000', '2026-02-16T00:00:00.000');
INSERT OR REPLACE INTO logs (id,plantId,type,date,note,createdAt,updatedAt) VALUES ('log_test_plant_14_water_1771513200000', 'test_plant_14', 'watering', '2026-02-20T00:00:00.000', 'Bottom watering', '2026-02-20T00:00:00.000', '2026-02-20T00:00:00.000');
INSERT OR REPLACE INTO plants (id,name,variety,purchaseDate,purchaseLocation,imagePath,wateringIntervalDays,createdAt,updatedAt) VALUES ('test_plant_15', 'Plant 15', 'Variety 1', '2025-12-07T00:00:00.000', 'FlowerShop', NULL, 5, '2025-12-07T00:00:00.000', '2026-02-20T00:00:00.000');
INSERT OR REPLACE INTO logs (id,plantId,type,date,note,createdAt,updatedAt) VALUES ('log_test_plant_15_water_1765033200000', 'test_plant_15', 'watering', '2025-12-07T00:00:00.000', 'Watered generously', '2025-12-07T00:00:00.000', '2025-12-07T00:00:00.000');
INSERT OR REPLACE INTO logs (id,plantId,type,date,note,createdAt,updatedAt) VALUES ('log_test_plant_15_water_1765465200000', 'test_plant_15', 'watering', '2025-12-12T00:00:00.000', 'Quick water', '2025-12-12T00:00:00.000', '2025-12-12T00:00:00.000');
INSERT OR REPLACE INTO logs (id,plantId,type,date,note,createdAt,updatedAt) VALUES ('log_test_plant_15_water_1765897200000', 'test_plant_15', 'watering', '2025-12-17T00:00:00.000', 'Watered generously', '2025-12-17T00:00:00.000', '2025-12-17T00:00:00.000');
INSERT OR REPLACE INTO logs (id,plantId,type,date,note,createdAt,updatedAt) VALUES ('log_test_plant_15_water_1766761200000', 'test_plant_15', 'watering', '2025-12-27T00:00:00.000', 'Watered generously', '2025-12-27T00:00:00.000', '2025-12-27T00:00:00.000');
INSERT OR REPLACE INTO logs (id,plantId,type,date,note,createdAt,updatedAt) VALUES ('log_test_plant_15_water_1767193200000', 'test_plant_15', 'watering', '2026-01-01T00:00:00.000', 'Light mist', '2026-01-01T00:00:00.000', '2026-01-01T00:00:00.000');
INSERT OR REPLACE INTO logs (id,plantId,type,date,note,createdAt,updatedAt) VALUES ('log_test_plant_15_water_1767625200000', 'test_plant_15', 'watering', '2026-01-06T00:00:00.000', 'Watered generously', '2026-01-06T00:00:00.000', '2026-01-06T00:00:00.000');
INSERT OR REPLACE INTO logs (id,plantId,type,date,note,createdAt,updatedAt) VALUES ('log_test_plant_15_water_1768057200000', 'test_plant_15', 'watering', '2026-01-11T00:00:00.000', 'Bottom watering', '2026-01-11T00:00:00.000', '2026-01-11T00:00:00.000');
INSERT OR REPLACE INTO logs (id,plantId,type,date,note,createdAt,updatedAt) VALUES ('log_test_plant_15_water_1768489200000', 'test_plant_15', 'watering', '2026-01-16T00:00:00.000', 'Light mist', '2026-01-16T00:00:00.000', '2026-01-16T00:00:00.000');
INSERT OR REPLACE INTO logs (id,plantId,type,date,note,createdAt,updatedAt) VALUES ('log_test_plant_15_water_1768921200000', 'test_plant_15', 'watering', '2026-01-21T00:00:00.000', 'Bottom watering', '2026-01-21T00:00:00.000', '2026-01-21T00:00:00.000');
INSERT OR REPLACE INTO logs (id,plantId,type,date,note,createdAt,updatedAt) VALUES ('log_test_plant_15_water_1769353200000', 'test_plant_15', 'watering', '2026-01-26T00:00:00.000', 'Quick water', '2026-01-26T00:00:00.000', '2026-01-26T00:00:00.000');
INSERT OR REPLACE INTO logs (id,plantId,type,date,note,createdAt,updatedAt) VALUES ('log_test_plant_15_water_1769785200000', 'test_plant_15', 'watering', '2026-01-31T00:00:00.000', 'Quick water', '2026-01-31T00:00:00.000', '2026-01-31T00:00:00.000');
INSERT OR REPLACE INTO logs (id,plantId,type,date,note,createdAt,updatedAt) VALUES ('log_test_plant_15_water_1770217200000', 'test_plant_15', 'watering', '2026-02-05T00:00:00.000', 'Light mist', '2026-02-05T00:00:00.000', '2026-02-05T00:00:00.000');
INSERT OR REPLACE INTO logs (id,plantId,type,date,note,createdAt,updatedAt) VALUES ('log_test_plant_15_water_1770649200000', 'test_plant_15', 'watering', '2026-02-10T00:00:00.000', 'Bottom watering', '2026-02-10T00:00:00.000', '2026-02-10T00:00:00.000');
INSERT OR REPLACE INTO logs (id,plantId,type,date,note,createdAt,updatedAt) VALUES ('log_test_plant_15_water_1771081200000', 'test_plant_15', 'watering', '2026-02-15T00:00:00.000', 'Bottom watering', '2026-02-15T00:00:00.000', '2026-02-15T00:00:00.000');
INSERT OR REPLACE INTO logs (id,plantId,type,date,note,createdAt,updatedAt) VALUES ('log_test_plant_15_water_1771513200000', 'test_plant_15', 'watering', '2026-02-20T00:00:00.000', 'Bottom watering', '2026-02-20T00:00:00.000', '2026-02-20T00:00:00.000');
INSERT OR REPLACE INTO logs (id,plantId,type,date,note,createdAt,updatedAt) VALUES ('log_test_plant_15_fert_1769007600000', 'test_plant_15', 'fertilizer', '2026-01-22T00:00:00.000', 'Fertilized', '2026-01-22T00:00:00.000', '2026-01-22T00:00:00.000');
INSERT OR REPLACE INTO plants (id,name,variety,purchaseDate,purchaseLocation,imagePath,wateringIntervalDays,createdAt,updatedAt) VALUES ('test_plant_16', 'Plant 16', 'Variety 2', '2025-12-04T00:00:00.000', 'HomeCenter', NULL, 6, '2025-12-04T00:00:00.000', '2026-02-20T00:00:00.000');
INSERT OR REPLACE INTO logs (id,plantId,type,date,note,createdAt,updatedAt) VALUES ('log_test_plant_16_water_1764774000000', 'test_plant_16', 'watering', '2025-12-04T00:00:00.000', 'Light mist', '2025-12-04T00:00:00.000', '2025-12-04T00:00:00.000');
INSERT OR REPLACE INTO logs (id,plantId,type,date,note,createdAt,updatedAt) VALUES ('log_test_plant_16_water_1765292400000', 'test_plant_16', 'watering', '2025-12-10T00:00:00.000', 'Quick water', '2025-12-10T00:00:00.000', '2025-12-10T00:00:00.000');
INSERT OR REPLACE INTO logs (id,plantId,type,date,note,createdAt,updatedAt) VALUES ('log_test_plant_16_water_1765810800000', 'test_plant_16', 'watering', '2025-12-16T00:00:00.000', 'Quick water', '2025-12-16T00:00:00.000', '2025-12-16T00:00:00.000');
INSERT OR REPLACE INTO logs (id,plantId,type,date,note,createdAt,updatedAt) VALUES ('log_test_plant_16_water_1766329200000', 'test_plant_16', 'watering', '2025-12-22T00:00:00.000', 'Watered generously', '2025-12-22T00:00:00.000', '2025-12-22T00:00:00.000');
INSERT OR REPLACE INTO logs (id,plantId,type,date,note,createdAt,updatedAt) VALUES ('log_test_plant_16_water_1766847600000', 'test_plant_16', 'watering', '2025-12-28T00:00:00.000', 'Bottom watering', '2025-12-28T00:00:00.000', '2025-12-28T00:00:00.000');
INSERT OR REPLACE INTO logs (id,plantId,type,date,note,createdAt,updatedAt) VALUES ('log_test_plant_16_water_1767366000000', 'test_plant_16', 'watering', '2026-01-03T00:00:00.000', 'Watered generously', '2026-01-03T00:00:00.000', '2026-01-03T00:00:00.000');
INSERT OR REPLACE INTO logs (id,plantId,type,date,note,createdAt,updatedAt) VALUES ('log_test_plant_16_water_1767884400000', 'test_plant_16', 'watering', '2026-01-09T00:00:00.000', 'Watered generously', '2026-01-09T00:00:00.000', '2026-01-09T00:00:00.000');
INSERT OR REPLACE INTO logs (id,plantId,type,date,note,createdAt,updatedAt) VALUES ('log_test_plant_16_water_1768402800000', 'test_plant_16', 'watering', '2026-01-15T00:00:00.000', 'Bottom watering', '2026-01-15T00:00:00.000', '2026-01-15T00:00:00.000');
INSERT OR REPLACE INTO logs (id,plantId,type,date,note,createdAt,updatedAt) VALUES ('log_test_plant_16_water_1768921200000', 'test_plant_16', 'watering', '2026-01-21T00:00:00.000', 'Watered generously', '2026-01-21T00:00:00.000', '2026-01-21T00:00:00.000');
INSERT OR REPLACE INTO logs (id,plantId,type,date,note,createdAt,updatedAt) VALUES ('log_test_plant_16_water_1769439600000', 'test_plant_16', 'watering', '2026-01-27T00:00:00.000', 'Quick water', '2026-01-27T00:00:00.000', '2026-01-27T00:00:00.000');
INSERT OR REPLACE INTO logs (id,plantId,type,date,note,createdAt,updatedAt) VALUES ('log_test_plant_16_water_1769958000000', 'test_plant_16', 'watering', '2026-02-02T00:00:00.000', 'Bottom watering', '2026-02-02T00:00:00.000', '2026-02-02T00:00:00.000');
INSERT OR REPLACE INTO logs (id,plantId,type,date,note,createdAt,updatedAt) VALUES ('log_test_plant_16_water_1770476400000', 'test_plant_16', 'watering', '2026-02-08T00:00:00.000', 'Bottom watering', '2026-02-08T00:00:00.000', '2026-02-08T00:00:00.000');
INSERT OR REPLACE INTO logs (id,plantId,type,date,note,createdAt,updatedAt) VALUES ('log_test_plant_16_water_1770994800000', 'test_plant_16', 'watering', '2026-02-14T00:00:00.000', 'Light mist', '2026-02-14T00:00:00.000', '2026-02-14T00:00:00.000');
INSERT OR REPLACE INTO logs (id,plantId,type,date,note,createdAt,updatedAt) VALUES ('log_test_plant_16_water_1771513200000', 'test_plant_16', 'watering', '2026-02-20T00:00:00.000', 'Light mist', '2026-02-20T00:00:00.000', '2026-02-20T00:00:00.000');
INSERT OR REPLACE INTO logs (id,plantId,type,date,note,createdAt,updatedAt) VALUES ('log_test_plant_16_vit_1769266800000', 'test_plant_16', 'vitalizer', '2026-01-25T00:00:00.000', 'Applied vitalizer', '2026-01-25T00:00:00.000', '2026-01-25T00:00:00.000');
INSERT OR REPLACE INTO plants (id,name,variety,purchaseDate,purchaseLocation,imagePath,wateringIntervalDays,createdAt,updatedAt) VALUES ('test_plant_17', 'Plant 17', 'Variety 3', '2025-12-01T00:00:00.000', 'Garden', 'https://images.unsplash.com/photo-1485955900006-10f4d324d411?w=400', 7, '2025-12-01T00:00:00.000', '2026-02-20T00:00:00.000');
INSERT OR REPLACE INTO logs (id,plantId,type,date,note,createdAt,updatedAt) VALUES ('log_test_plant_17_water_1764514800000', 'test_plant_17', 'watering', '2025-12-01T00:00:00.000', 'Watered generously', '2025-12-01T00:00:00.000', '2025-12-01T00:00:00.000');
INSERT OR REPLACE INTO logs (id,plantId,type,date,note,createdAt,updatedAt) VALUES ('log_test_plant_17_water_1765119600000', 'test_plant_17', 'watering', '2025-12-08T00:00:00.000', 'Quick water', '2025-12-08T00:00:00.000', '2025-12-08T00:00:00.000');
INSERT OR REPLACE INTO logs (id,plantId,type,date,note,createdAt,updatedAt) VALUES ('log_test_plant_17_water_1765724400000', 'test_plant_17', 'watering', '2025-12-15T00:00:00.000', 'Watered generously', '2025-12-15T00:00:00.000', '2025-12-15T00:00:00.000');
INSERT OR REPLACE INTO logs (id,plantId,type,date,note,createdAt,updatedAt) VALUES ('log_test_plant_17_water_1766329200000', 'test_plant_17', 'watering', '2025-12-22T00:00:00.000', 'Quick water', '2025-12-22T00:00:00.000', '2025-12-22T00:00:00.000');
INSERT OR REPLACE INTO logs (id,plantId,type,date,note,createdAt,updatedAt) VALUES ('log_test_plant_17_water_1766934000000', 'test_plant_17', 'watering', '2025-12-29T00:00:00.000', 'Bottom watering', '2025-12-29T00:00:00.000', '2025-12-29T00:00:00.000');
INSERT OR REPLACE INTO logs (id,plantId,type,date,note,createdAt,updatedAt) VALUES ('log_test_plant_17_water_1767538800000', 'test_plant_17', 'watering', '2026-01-05T00:00:00.000', 'Bottom watering', '2026-01-05T00:00:00.000', '2026-01-05T00:00:00.000');
INSERT OR REPLACE INTO logs (id,plantId,type,date,note,createdAt,updatedAt) VALUES ('log_test_plant_17_water_1768143600000', 'test_plant_17', 'watering', '2026-01-12T00:00:00.000', 'Watered generously', '2026-01-12T00:00:00.000', '2026-01-12T00:00:00.000');
INSERT OR REPLACE INTO logs (id,plantId,type,date,note,createdAt,updatedAt) VALUES ('log_test_plant_17_water_1768748400000', 'test_plant_17', 'watering', '2026-01-19T00:00:00.000', 'Watered generously', '2026-01-19T00:00:00.000', '2026-01-19T00:00:00.000');
INSERT OR REPLACE INTO logs (id,plantId,type,date,note,createdAt,updatedAt) VALUES ('log_test_plant_17_water_1769353200000', 'test_plant_17', 'watering', '2026-01-26T00:00:00.000', 'Light mist', '2026-01-26T00:00:00.000', '2026-01-26T00:00:00.000');
INSERT OR REPLACE INTO logs (id,plantId,type,date,note,createdAt,updatedAt) VALUES ('log_test_plant_17_water_1769958000000', 'test_plant_17', 'watering', '2026-02-02T00:00:00.000', 'Watered generously', '2026-02-02T00:00:00.000', '2026-02-02T00:00:00.000');
INSERT OR REPLACE INTO logs (id,plantId,type,date,note,createdAt,updatedAt) VALUES ('log_test_plant_17_water_1770562800000', 'test_plant_17', 'watering', '2026-02-09T00:00:00.000', 'Bottom watering', '2026-02-09T00:00:00.000', '2026-02-09T00:00:00.000');
INSERT OR REPLACE INTO logs (id,plantId,type,date,note,createdAt,updatedAt) VALUES ('log_test_plant_17_water_1771167600000', 'test_plant_17', 'watering', '2026-02-16T00:00:00.000', 'Bottom watering', '2026-02-16T00:00:00.000', '2026-02-16T00:00:00.000');
INSERT OR REPLACE INTO plants (id,name,variety,purchaseDate,purchaseLocation,imagePath,wateringIntervalDays,createdAt,updatedAt) VALUES ('test_plant_18', 'Plant 18', 'Variety 4', '2025-11-28T00:00:00.000', 'Online', 'https://images.unsplash.com/photo-1459156212016-c812468e2115?w=400', 8, '2025-11-28T00:00:00.000', '2026-02-20T00:00:00.000');
INSERT OR REPLACE INTO logs (id,plantId,type,date,note,createdAt,updatedAt) VALUES ('log_test_plant_18_water_1764255600000', 'test_plant_18', 'watering', '2025-11-28T00:00:00.000', 'Watered generously', '2025-11-28T00:00:00.000', '2025-11-28T00:00:00.000');
INSERT OR REPLACE INTO logs (id,plantId,type,date,note,createdAt,updatedAt) VALUES ('log_test_plant_18_water_extra_1764514800000', 'test_plant_18', 'watering', '2025-12-01T00:00:00.000', 'Extra watering', '2025-12-01T00:00:00.000', '2025-12-01T00:00:00.000');
INSERT OR REPLACE INTO logs (id,plantId,type,date,note,createdAt,updatedAt) VALUES ('log_test_plant_18_water_1764946800000', 'test_plant_18', 'watering', '2025-12-06T00:00:00.000', 'Watered generously', '2025-12-06T00:00:00.000', '2025-12-06T00:00:00.000');
INSERT OR REPLACE INTO logs (id,plantId,type,date,note,createdAt,updatedAt) VALUES ('log_test_plant_18_water_extra_1765206000000', 'test_plant_18', 'watering', '2025-12-09T00:00:00.000', 'Extra watering', '2025-12-09T00:00:00.000', '2025-12-09T00:00:00.000');
INSERT OR REPLACE INTO logs (id,plantId,type,date,note,createdAt,updatedAt) VALUES ('log_test_plant_18_water_1765638000000', 'test_plant_18', 'watering', '2025-12-14T00:00:00.000', 'Quick water', '2025-12-14T00:00:00.000', '2025-12-14T00:00:00.000');
INSERT OR REPLACE INTO logs (id,plantId,type,date,note,createdAt,updatedAt) VALUES ('log_test_plant_18_water_1766329200000', 'test_plant_18', 'watering', '2025-12-22T00:00:00.000', 'Watered generously', '2025-12-22T00:00:00.000', '2025-12-22T00:00:00.000');
INSERT OR REPLACE INTO logs (id,plantId,type,date,note,createdAt,updatedAt) VALUES ('log_test_plant_18_water_1767020400000', 'test_plant_18', 'watering', '2025-12-30T00:00:00.000', 'Light mist', '2025-12-30T00:00:00.000', '2025-12-30T00:00:00.000');
INSERT OR REPLACE INTO logs (id,plantId,type,date,note,createdAt,updatedAt) VALUES ('log_test_plant_18_water_extra_1767279600000', 'test_plant_18', 'watering', '2026-01-02T00:00:00.000', 'Extra watering', '2026-01-02T00:00:00.000', '2026-01-02T00:00:00.000');
INSERT OR REPLACE INTO logs (id,plantId,type,date,note,createdAt,updatedAt) VALUES ('log_test_plant_18_water_1767711600000', 'test_plant_18', 'watering', '2026-01-07T00:00:00.000', 'Bottom watering', '2026-01-07T00:00:00.000', '2026-01-07T00:00:00.000');
INSERT OR REPLACE INTO logs (id,plantId,type,date,note,createdAt,updatedAt) VALUES ('log_test_plant_18_water_extra_1767970800000', 'test_plant_18', 'watering', '2026-01-10T00:00:00.000', 'Extra watering', '2026-01-10T00:00:00.000', '2026-01-10T00:00:00.000');
INSERT OR REPLACE INTO logs (id,plantId,type,date,note,createdAt,updatedAt) VALUES ('log_test_plant_18_water_1768402800000', 'test_plant_18', 'watering', '2026-01-15T00:00:00.000', 'Bottom watering', '2026-01-15T00:00:00.000', '2026-01-15T00:00:00.000');
INSERT OR REPLACE INTO logs (id,plantId,type,date,note,createdAt,updatedAt) VALUES ('log_test_plant_18_water_extra_1768662000000', 'test_plant_18', 'watering', '2026-01-18T00:00:00.000', 'Extra watering', '2026-01-18T00:00:00.000', '2026-01-18T00:00:00.000');
INSERT OR REPLACE INTO logs (id,plantId,type,date,note,createdAt,updatedAt) VALUES ('log_test_plant_18_water_1769094000000', 'test_plant_18', 'watering', '2026-01-23T00:00:00.000', 'Light mist', '2026-01-23T00:00:00.000', '2026-01-23T00:00:00.000');
INSERT OR REPLACE INTO logs (id,plantId,type,date,note,createdAt,updatedAt) VALUES ('log_test_plant_18_water_1769785200000', 'test_plant_18', 'watering', '2026-01-31T00:00:00.000', 'Light mist', '2026-01-31T00:00:00.000', '2026-01-31T00:00:00.000');
INSERT OR REPLACE INTO logs (id,plantId,type,date,note,createdAt,updatedAt) VALUES ('log_test_plant_18_water_1770476400000', 'test_plant_18', 'watering', '2026-02-08T00:00:00.000', 'Bottom watering', '2026-02-08T00:00:00.000', '2026-02-08T00:00:00.000');
INSERT OR REPLACE INTO logs (id,plantId,type,date,note,createdAt,updatedAt) VALUES ('log_test_plant_18_water_extra_1770735600000', 'test_plant_18', 'watering', '2026-02-11T00:00:00.000', 'Extra watering', '2026-02-11T00:00:00.000', '2026-02-11T00:00:00.000');
INSERT OR REPLACE INTO logs (id,plantId,type,date,note,createdAt,updatedAt) VALUES ('log_test_plant_18_water_1771167600000', 'test_plant_18', 'watering', '2026-02-16T00:00:00.000', 'Light mist', '2026-02-16T00:00:00.000', '2026-02-16T00:00:00.000');
INSERT OR REPLACE INTO logs (id,plantId,type,date,note,createdAt,updatedAt) VALUES ('log_test_plant_18_water_extra_1771426800000', 'test_plant_18', 'watering', '2026-02-19T00:00:00.000', 'Extra watering', '2026-02-19T00:00:00.000', '2026-02-19T00:00:00.000');
INSERT OR REPLACE INTO logs (id,plantId,type,date,note,createdAt,updatedAt) VALUES ('log_test_plant_18_fert_1768748400000', 'test_plant_18', 'fertilizer', '2026-01-19T00:00:00.000', 'Fertilized', '2026-01-19T00:00:00.000', '2026-01-19T00:00:00.000');
INSERT OR REPLACE INTO plants (id,name,variety,purchaseDate,purchaseLocation,imagePath,wateringIntervalDays,createdAt,updatedAt) VALUES ('test_plant_19', 'Plant 19', 'Variety 5', '2025-11-25T00:00:00.000', 'FlowerShop', NULL, 9, '2025-11-25T00:00:00.000', '2026-02-20T00:00:00.000');
INSERT OR REPLACE INTO logs (id,plantId,type,date,note,createdAt,updatedAt) VALUES ('log_test_plant_19_water_1763996400000', 'test_plant_19', 'watering', '2025-11-25T00:00:00.000', 'Light mist', '2025-11-25T00:00:00.000', '2025-11-25T00:00:00.000');
INSERT OR REPLACE INTO logs (id,plantId,type,date,note,createdAt,updatedAt) VALUES ('log_test_plant_19_water_1764774000000', 'test_plant_19', 'watering', '2025-12-04T00:00:00.000', 'Watered generously', '2025-12-04T00:00:00.000', '2025-12-04T00:00:00.000');
INSERT OR REPLACE INTO logs (id,plantId,type,date,note,createdAt,updatedAt) VALUES ('log_test_plant_19_water_1765551600000', 'test_plant_19', 'watering', '2025-12-13T00:00:00.000', 'Watered generously', '2025-12-13T00:00:00.000', '2025-12-13T00:00:00.000');
INSERT OR REPLACE INTO logs (id,plantId,type,date,note,createdAt,updatedAt) VALUES ('log_test_plant_19_water_1766329200000', 'test_plant_19', 'watering', '2025-12-22T00:00:00.000', 'Watered generously', '2025-12-22T00:00:00.000', '2025-12-22T00:00:00.000');
INSERT OR REPLACE INTO logs (id,plantId,type,date,note,createdAt,updatedAt) VALUES ('log_test_plant_19_water_1767106800000', 'test_plant_19', 'watering', '2025-12-31T00:00:00.000', 'Watered generously', '2025-12-31T00:00:00.000', '2025-12-31T00:00:00.000');
INSERT OR REPLACE INTO logs (id,plantId,type,date,note,createdAt,updatedAt) VALUES ('log_test_plant_19_water_1767884400000', 'test_plant_19', 'watering', '2026-01-09T00:00:00.000', 'Bottom watering', '2026-01-09T00:00:00.000', '2026-01-09T00:00:00.000');
INSERT OR REPLACE INTO logs (id,plantId,type,date,note,createdAt,updatedAt) VALUES ('log_test_plant_19_water_1768662000000', 'test_plant_19', 'watering', '2026-01-18T00:00:00.000', 'Bottom watering', '2026-01-18T00:00:00.000', '2026-01-18T00:00:00.000');
INSERT OR REPLACE INTO logs (id,plantId,type,date,note,createdAt,updatedAt) VALUES ('log_test_plant_19_water_1769439600000', 'test_plant_19', 'watering', '2026-01-27T00:00:00.000', 'Light mist', '2026-01-27T00:00:00.000', '2026-01-27T00:00:00.000');
INSERT OR REPLACE INTO logs (id,plantId,type,date,note,createdAt,updatedAt) VALUES ('log_test_plant_19_water_1770217200000', 'test_plant_19', 'watering', '2026-02-05T00:00:00.000', 'Bottom watering', '2026-02-05T00:00:00.000', '2026-02-05T00:00:00.000');
INSERT OR REPLACE INTO logs (id,plantId,type,date,note,createdAt,updatedAt) VALUES ('log_test_plant_19_water_1770994800000', 'test_plant_19', 'watering', '2026-02-14T00:00:00.000', 'Watered generously', '2026-02-14T00:00:00.000', '2026-02-14T00:00:00.000');
INSERT OR REPLACE INTO notes (id,title,content,imagePaths,plantIds,createdAt,updatedAt) VALUES ('test_note_0', 'Note 0', 'This is a test note #0', 'https://images.unsplash.com/photo-1512428813834-c702c7702b78?w=400', 'test_plant_14|test_plant_18', '2026-01-23T00:00:00.000', '2026-02-20T00:00:00.000');
INSERT OR REPLACE INTO notes (id,title,content,imagePaths,plantIds,createdAt,updatedAt) VALUES ('test_note_1', 'Note 1', 'This is a test note #1', '', 'test_plant_15|test_plant_13', '2026-01-18T00:00:00.000', '2026-02-20T00:00:00.000');
INSERT OR REPLACE INTO notes (id,title,content,imagePaths,plantIds,createdAt,updatedAt) VALUES ('test_note_2', 'Note 2', 'This is a test note #2', '', 'test_plant_1|test_plant_10|test_plant_7|test_plant_17', '2026-01-14T00:00:00.000', '2026-02-20T00:00:00.000');
INSERT OR REPLACE INTO notes (id,title,content,imagePaths,plantIds,createdAt,updatedAt) VALUES ('test_note_3', 'Note 3', 'This is a test note #3', '', 'test_plant_2', '2026-02-14T00:00:00.000', '2026-02-20T00:00:00.000');
INSERT OR REPLACE INTO notes (id,title,content,imagePaths,plantIds,createdAt,updatedAt) VALUES ('test_note_4', 'Note 4', 'This is a test note #4', 'https://images.unsplash.com/photo-1545241047-6083a3684587?w=400', 'test_plant_3', '2026-02-03T00:00:00.000', '2026-02-20T00:00:00.000');
INSERT OR REPLACE INTO notes (id,title,content,imagePaths,plantIds,createdAt,updatedAt) VALUES ('test_note_5', 'Note 5', 'This is a test note #5', 'https://images.unsplash.com/photo-1485955900006-10f4d324d411?w=400', 'test_plant_6|test_plant_19|test_plant_8|test_plant_5', '2026-01-25T00:00:00.000', '2026-02-20T00:00:00.000');
INSERT OR REPLACE INTO notes (id,title,content,imagePaths,plantIds,createdAt,updatedAt) VALUES ('test_note_6', 'Note 6', 'This is a test note #6', 'https://images.unsplash.com/photo-1509587584298-0f3b3a3a1797?w=400', 'test_plant_14', '2026-02-02T00:00:00.000', '2026-02-20T00:00:00.000');
INSERT OR REPLACE INTO notes (id,title,content,imagePaths,plantIds,createdAt,updatedAt) VALUES ('test_note_7', 'Note 7', 'This is a test note #7', '', 'test_plant_15|test_plant_7|test_plant_18|test_plant_14', '2026-01-25T00:00:00.000', '2026-02-20T00:00:00.000');
COMMIT;
